Stock,Num_of_mention
USA,18
DIS,11
IMO,9
AR,2
PTON,8
MRNA,35
ZM,15
BNTX,13
PFE,18
RC,8
H,6
C,11
MSFT,11
AAPL,13
WMT,2
GM,8
SRNE,3
BB,12
EOD,7
U,49
O,23
PYPL,5
PLBY,3
GDP,9
AAL,3
MRK,1
GME,66
IRL,3
CRM,12
MTG,1
HCA,1
SA,17
AI,9
ON,11
ALL,10
NEGG,2
E,15
AMD,29
DTE,5
FSD,3
CCL,6
UK,45
B,15
ARE,8
BILL,1
BE,12
CC,2
NYC,21
F,25
ATH,26
WISH,47
COP,1
AMC,18
OR,7
WE,11
ABC,2
PLTR,30
SNDL,7
BABA,6
UI,4
YOU,33
OPEN,2
ID,5
DARE,1
D,16
AM,4
LMT,6
J,17
GET,6
RIOT,3
SHI,1
R,13
CIA,1
PDT,1
Z,7
VSCO,1
IS,17
NYT,1
TECH,1
DM,4
ZIM,1
DOCU,5
TD,5
DHR,1
W,2
SQ,1
GO,10
GOOGL,1
HAS,2
BODY,1
BP,2
SWBI,4
FL,3
Y,5
CRSR,11
RKT,2
FORD,1
GT,3
PRO,2
RTX,1
HD,4
LCID,10
HP,1
FB,11
MSM,13
DG,2
TLRY,7
MRVL,3
ASAN,6
CRWD,9
SNOW,3
LI,1
ZS,1
MS,2
PM,7
LINK,5
QS,2
DOW,15
SONO,1
FNKO,1
MGY,1
ROKU,2
EDIT,1
BA,4
MD,2
DDS,1
ATVI,3
TSLA,33
HE,7
CAN,4
L,9
K,6
POST,3
SAVE,1
PLAY,1
TA,4
ML,1
CAR,2
OCGN,3
SM,1
ET,4
NOC,2
DNA,9
MOD,3
SEAT,1
MU,11
PBR,2
FR,2
RUN,3
DNUT,3
X,11
ASTR,3
RH,11
BMTX,1
WOW,1
V,15
RNA,4
AUS,1
FOR,11
WASH,1
SPCE,3
IT,19
FREE,5
SI,1
SDC,2
FAT,2
OG,1
SE,5
JMIA,2
INTU,1
HUBS,1
TIL,2
LOVE,2
TAK,1
T,11
SOFI,3
LMAO,11
TV,10
REAL,3
IRS,4
MX,2
EA,2
YEXT,1
M,7
CMG,1
NU,1
AY,1
HTZ,1
LIFE,2
ME,9
GOEV,3
RDW,2
NOW,2
PINS,2
GPS,1
CI,1
PVH,2
DIDI,7
FACT,1
GRWG,1
NKLA,2
INTC,2
ADS,1
DWAC,2
LOGI,6
JWN,1
BYND,1
SKY,2
NET,3
SP,2
RBLX,8
SNAP,2
BYD,1
ETSY,1
EM,2
PRS,1
DASH,1
CLOV,3
RIDE,1
KTOS,1
DOLE,4
ANY,1
RKLB,3
MF,1
CAG,2
MAN,4
HUT,3
DNP,5
EQ,2
RSI,2
HOOD,1
RE,1
PLUG,1
BNGO,3
ILMN,2
TRT,1
NVDA,9
TFSA,1
PACB,1
HHS,1
CERN,1
DKNG,1
NVAX,5
RIVN,2
GL,2
UTF,2
PB,1
BAC,1
BK,1
HUGE,1
TM,1
PAY,1
FCF,1
GOOD,2
KC,1
TSM,2
CRSP,1
FCEL,1
IQ,6
BIG,1
SPR,1
COST,3
GF,4
DAL,2
ULTA,2
SPLK,1
UP,4
VG,2
OCC,1
PI,1
EAT,1
EVA,1
AMP,3
SAFE,1
IP,4
TOPS,1
SPIR,1
VLD,1
API,1
CHRS,1
LC,2
RDFN,3
ES,3
AAWW,1
SSD,1
EVER,2
VERY,3
HEAR,1
AP,1
HES,1
JOE,1
SO,3
INO,3
JBLU,1
PUMP,1
RS,1
ICE,1
LFG,2
XM,1
SJM,1
SFM,1
PAC,1
GRPN,1
LAX,1
OUT,3
ABT,1
ABNB,2
AMG,1
MG,1
APR,1
BEST,1
CME,1
TR,1
DE,1
CP,1
KO,4
HA,2
CAKE,1
PSA,1
TSP,1
G,3
PPL,2
VIAC,1
CHPT,1
BLNK,1
AKA,2
CARE,4
AMRS,3
BY,3
IBRX,1
DK,1
CS,1
STEM,1
MO,1
TNXP,1
MRO,1
PROG,1
NIO,2
LEAP,1
OPAD,1
ELY,1
GRAB,1
WELL,1
AN,1
CAT,2
RAM,1
ED,1
VERU,1
AMZN,3
TDOC,1
MA,1
GNUS,1
XLNX,1
CUK,1
SF,1
VRTX,1
UWMC,1
VGFC,1
BRP,1
WU,2
VIR,2
SHOP,1
UUUU,1
DNN,1
UEC,1
UAL,1
UPS,1
GOLD,1
FAST,1
TRUE,1
NOV,1
QCOM,1
CGC,1
ARCE,1
ARCO,1
AXP,1
III,1
MFG,1
PT,1
SELF,1
XSPA,1
SHW,1
UBER,1
TTM,1
